Page Title,Page URL,Domain Rating,URL Rating,Domain Traffic,Page Traffic,Target URL
"Linta Roofing, Inc. | BBB Business Profile | Better Business Bureau","https://www.bbb.org/us/sc/little-river/profile/roofing-contractors/linta-roofing-inc-0593-10001860",93,5,4155444,5,"https://lintaroofing.com/"
"How Transparency Helped This Roofing Company Triple Its Growth - Endless Customers | iHeart","https://www.iheart.com/podcast/1323-endless-customers-145884970/episode/how-transparency-helped-this-roofing-company-313322470/",91,0,2226786,0,"https://lintaroofing.com/"
"Best 30 Home Improvements in Little River, SC | The Real Yellow Pages®","https://www.yellowpages.com/little-river-sc/home-improvements",89,4.4,226191,0,"http://lintaroofing.com/"
"Approved Inspectors & Contractors - Safe Home","https://online.scsafehome.sc.gov/Home/InspectorsAndContractors",88,6,1218757,0,"https://lintaroofing.com/"
"Self-Service Tools | IMPACT","https://www.impactplus.com/self-service-tools",82,14,29554,12,"https://lintaroofing.com/instant-estimate/"
"What is The Big 5™? (The 5 Content Topics That Grow Your Business)","https://www.impactplus.com/learn/the-big-5-content-topics-for-business",82,7,29554,11,"https://lintaroofing.com/blog/best-roofers-myrtle-beach"
"How Transparency Helped This Roofing Company Triple Its Growth","https://www.impactplus.com/endless-customers-podcast/transparency-helped-roofing-company-triple-growth",82,7,29554,0,"https://lintaroofing.com/"
"How to Write An Effective Cost Article for Your Business","https://www.impactplus.com/learn/how-to-write-a-cost-article",82,4.9,29554,0,"https://lintaroofing.com/blog/metal-roof-cost-worth-it"
"How To Skillfully Write About Competitors In Your Marketing Content","https://www.impactplus.com/learn/write-about-competitors-business-website",82,0,29554,0,"https://lintaroofing.com/blog/monarch-roofing-vs.-linta-roofing"
"Endless Customers Case Study with Linta Roofing | IMPACT","https://www.impactplus.com/endless-customers-coaching/success-stories/lintaroofing",82,0,29554,0,"https://lintaroofing.com/"
"Roof Quotes | Roof Replacement Cost in 2025: What You Really Need to Know Before You Invest","https://detailed-food-860226.framer.app/blog/how-much-does-a-new-roof-cost-key-factors-to-consider",81,0,4860,0,"https://lintaroofing.com/blog/gaf-roof-warranty-cost"
"Linta Roofing | Roofing | Construction & Contractors | Home Services/Improvements/Repairs - Module Page","http://littleriver.chambermaster.com/list/member/linta-roofing-3703",78,0,63485,0,"https://lintaroofing.com/instant-estimate/"
"Linta Roofing | Roofing | Construction & Contractors | Home Services/Improvements/Repairs - Module Page","http://littleriver.chambermaster.com/list/member/linta-roofing-3703",78,0,63485,0,"https://lintaroofing.com/roof-repair-myrtle-beach"
"Linta Roofing | Little River, SC 29566 | DexKnows.com","https://www.dexknows.com/little-river-sc/bp/linta-roofing-489014768",78,0,2402,0,"https://lintaroofing.com/"
"Linta Roofing | Roofing | Construction & Contractors | Home Services/Improvements/Repairs - Module Page","http://littleriver.chambermaster.com/list/member/linta-roofing-3703",78,0,63485,0,"https://lintaroofing.com/roofing-101"
"Linta Roofing | Little River, SC 29566 | DexKnows.com","https://www.dexknows.com/little-river-sc/bp/linta-roofing-489014768",78,0,2402,0,"https://lintaroofing.com/contact/"
"Linta Roofing | Roofing | Construction & Contractors | Home Services/Improvements/Repairs - Module Page","http://littleriver.chambermaster.com/list/member/linta-roofing-3703",78,0,63485,0,"https://lintaroofing.com/roof-maintenance-myrtle-beach"
"Linta Roofing | Roofing | Construction & Contractors | Home Services/Improvements/Repairs - Module Page","http://littleriver.chambermaster.com/list/member/linta-roofing-3703",78,0,63485,0,"http://lintaroofing.com/"
"Linta Roofing | Roofing | Construction & Contractors | Home Services/Improvements/Repairs - Module Page","http://littleriver.chambermaster.com/list/member/linta-roofing-3703",78,0,63485,0,"https://lintaroofing.com/storm-damage-assistance-myrtle-beach"
"Top 30 Roofing Contractors in North Myrtle Beach, SC | DexKnows.com","https://www.dexknows.com/north-myrtle-beach-sc/roofing-contractors",78,0,2402,0,"http://lintaroofing.com/"
"There was a time when investing in high DA backlinks on SEOExpress.org seemed risky, but two months later I saw my rankings shift from page four to top two for key products. Sales grew over 150%, and search positions improved dramatically. Their safe link-building services really paid off—highly recommend! ★★★★★ 🔥 – SEO Express","https://seoexpress.org/link/there-was-a-time-if-you-told-me-that-by-investing-in-high-da-backlinks-onseoexpress-com-i-would-see-my-ranking-shift-from-page4-to-top-two-for-key-products-i-didnt-believe-it-until-two-months-later/",77,0,4,0,"https://lintaroofing.com/"
"Mysterious Ocean Depths: What Lies Beneath? – SEO Express","https://seoexpress.org/links/mysterious-worlds-beneath-43202/",77,0,4,0,"https://lintaroofing.com/"
"Linta Roofing, Little River, SC - Reviews (313), Photos (31) - BestProsInTown","https://www.bestprosintown.com/sc/little-river/jeff-linta-construction-and-roof-/",76,0,1116,0,"https://lintaroofing.com/"
"Buy Powerful High-Quality Dofollow SEO Backlinks to Rank on Google’s 1st Page – Rank Top – Boost Your Website Ranking","https://rank-top.click/0ktd-take-your-website-to-the-top-with-expert-seo/",74,0,0,0,"https://lintaroofing.com/"
"RankZly.com – Unbeatable Google Rankings & SEO Backlinks – Visit Rankzly.com to Get Discounted Offers","https://rankyour.website/u55iocz-boost-google-rankings-with-premium-contextual-seo-backlinks/",74,0,0,0,"https://lintaroofing.com/"
"Nail Down Roofing Contractors’ Insurance Every Time - IndependentAgent.com","https://www.independentagent.com/vu_resource/nail-down-roofing-contractors-insurance-every-time/",71,4.4,17367,0,"https://lintaroofing.com/blog/shingle-manufacturer-class-action-lawsuit"
"Linta Roofing - Home Services - Tech Directory","https://www.techdirectory.io/united-states/little-river/home-services/linta-roofing",67,0,374,0,"https://lintaroofing.com/"
"The Great Christmas Light Show | North Myrtle Beach, SC","https://www.nmb.us/433/The-Great-Christmas-Light-Show",66,8,26810,723,"https://lintaroofing.com/"
"Linta Roofing, a Little River, South Carolina Roofing Contractor | Contractor Near You","https://contractornearyou.com/contractor/linta-roofing/",63,4.5,0,0,"https://lintaroofing.com/"
"Endless Customers - Podcast Analytics & Insights - Podscan.fm","https://www.podscan.fm/podcasts/endless-customers",55,0,8328,0,"https://lintaroofing.com/"
"👲 Domain Report 👲","https://bye.fyi/report/92021",53,0,0,0,"https://lintaroofing.com/"
"Tile vs Shingle Roof: Complete Comparison for Homes","https://www.bricknbolt.com/blogs-and-articles/construction-guide/tile-vs-shingle-roof",50,4.4,58509,0,"https://lintaroofing.com/blog/how-long-shingle-roof-lasts"
"Linta Roofing: Company of the Year | Roofing Insights","https://www.roofinginsights.com/news/linta-roofing-company-of-the-year",50,0,3492,0,"https://lintaroofing.com/"
"Rank on Page One, Faster — Contextual Dofollow Links Google Values (Update-Safe, DR/DA/TF Up) – seoagency","https://seoagency.sale/pj5jdy-rank-on-page-1-with-seo-and-backlinks/",50,0,0,0,"https://lintaroofing.com/"
"a81d1f7c3713d869f81c1f1bc8fc19bc – sport life club","https://sport-life.club/a81d1f7c3713d869f81c1f1bc8fc19bc/",46,0,0,0,"https://lintaroofing.com/"
"Where to buy 🚀 aged domains and backlinks 🔥 from whatif-youknew | 8331-8782","https://whatif-youknew.com/pages-8d3318d7f82fb909fbd767e4917ed5f9",43,0,0,0,"https://lintaroofing.com/"
"List of Roofing contractors in South Carolina, United States in 2026","https://www.poidata.io/report/roofing-contractor/united-states/south-carolina",39,0,3,0,"https://lintaroofing.com/"
"Linta Roofing | Roofing | Construction & Contractors | Home Services/Improvements/Repairs - Module Page","https://business.littleriverchamber.org/list/member/linta-roofing-3703",38,4.4,938,3,"https://lintaroofing.com/storm-damage-assistance-myrtle-beach"
"Linta Roofing | Roofing | Construction & Contractors | Home Services/Improvements/Repairs - Module Page","https://business.littleriverchamber.org/list/member/linta-roofing-3703",38,4.4,938,3,"https://lintaroofing.com/roofing-101"
"Linta Roofing | Roofing | Construction & Contractors | Home Services/Improvements/Repairs - Module Page","https://business.littleriverchamber.org/list/member/linta-roofing-3703",38,4.4,938,3,"https://lintaroofing.com/roof-repair-myrtle-beach"
"Linta Roofing | Roofing | Construction & Contractors | Home Services/Improvements/Repairs - Module Page","https://business.littleriverchamber.org/list/member/linta-roofing-3703",38,4.4,938,3,"https://lintaroofing.com/instant-estimate/"
"Linta Roofing | Roofing | Construction & Contractors | Home Services/Improvements/Repairs - Module Page","https://business.littleriverchamber.org/list/member/linta-roofing-3703",38,4.4,938,3,"http://lintaroofing.com/"
"Linta Roofing | Roofing | Construction & Contractors | Home Services/Improvements/Repairs - Module Page","https://business.littleriverchamber.org/list/member/linta-roofing-3703",38,4.4,938,3,"https://lintaroofing.com/roof-maintenance-myrtle-beach"
"Roof Replacement Day: What Homeowners Should Expect","https://roofingbymidsouth.com/roof-replacement-day-what-homeowners-should-expect/",37,4.4,527,0,"https://lintaroofing.com/blog/pets-during-roof-replacement"
"a81d1f7c3713d869f81c1f1bc8fc19bc – KGZXKF","https://kgzxkf.com/a81d1f7c3713d869f81c1f1bc8fc19bc/",37,0,0,0,"https://lintaroofing.com/"
"a81d1f7c3713d869f81c1f1bc8fc19bc – net tools guru","https://nettools.guru/a81d1f7c3713d869f81c1f1bc8fc19bc/",36,0,0,0,"https://lintaroofing.com/"
"Självhjälpsverktyg - Grown","https://grown.se/sjalvhjalpsverktyg/",34,4.5,548,0,"https://lintaroofing.com/instant-estimate/"
"a81d1f7c3713d869f81c1f1bc8fc19bc – bmwyng","https://bmwyng.com/a81d1f7c3713d869f81c1f1bc8fc19bc/",34,0,0,0,"https://lintaroofing.com/"
"a81d1f7c3713d869f81c1f1bc8fc19bc – site scoop online","https://sitescooponline.com/a81d1f7c3713d869f81c1f1bc8fc19bc/",33,0,0,0,"https://lintaroofing.com/"
"The Great Christmas Light Show | North Myrtle Beach, SC","https://nmbpark.com/433/The-Great-Christmas-Light-Show",33,0,3183,0,"https://lintaroofing.com/"
"Linta Roofing | Roofing | Construction & Contractors | Home Services/Improvements/Repairs","https://littleriveraurora.preview.gochambermaster.com/list/member/linta-roofing-3703",33,0,1364,0,"https://lintaroofing.com/roof-maintenance-myrtle-beach"
"Linta Roofing | Roofing | Construction & Contractors | Home Services/Improvements/Repairs","http://littleriveraurora.preview.gochambermaster.com/list/member/linta-roofing-3703",33,0,1364,0,"https://lintaroofing.com/roof-repair-myrtle-beach"
"Linta Roofing | Roofing | Construction & Contractors | Home Services/Improvements/Repairs","https://littleriveraurora.preview.gochambermaster.com/list/member/linta-roofing-3703",33,0,1364,0,"https://lintaroofing.com/roofing-101"
"Google Ranking Booster: Manual Work: Ahrefs DR + MOZ DA+Pbn Backlinks Visit SeoBoost.agency – rankongoogle.agency","https://rankongoogle.agency/wm0jlkp-google-ranking-lift-traffic-with-contextual-seo-backlinks/",33,0,0,0,"https://lintaroofing.com/"
"Linta Roofing | Roofing | Construction & Contractors | Home Services/Improvements/Repairs","http://littleriveraurora.preview.gochambermaster.com/list/member/linta-roofing-3703",33,0,1364,0,"http://lintaroofing.com/"
"Linta Roofing | Roofing | Construction & Contractors | Home Services/Improvements/Repairs","http://littleriveraurora.preview.gochambermaster.com/list/member/linta-roofing-3703",33,0,1364,0,"https://lintaroofing.com/storm-damage-assistance-myrtle-beach"
"Linta Roofing | Roofing | Construction & Contractors | Home Services/Improvements/Repairs","https://littleriveraurora.preview.gochambermaster.com/list/member/linta-roofing-3703",33,0,1364,0,"https://lintaroofing.com/instant-estimate/"
"Linta Roofing Inc | Roofing Company","https://business.conwayscchamber.com/list/member/linta-roofing-inc-4330.htm",32,0,786,0,"https://lintaroofing.com/"
"Why 'Lifetime' Shingles Replaced 30-Year and 50-Year Shingles: The Truth Behind the Change","https://getroofsmart.com/blog/why-lifetime-shingles-replaced-30-year-and-50-year-shingles-the-truth-behind-the-change",30,4.6,5454,180,"https://lintaroofing.com/blog/do-30-year-shingles-last-30-years"
"RCV vs. ACV Claims for Roof Damage: How Your Insurance Impacts What Coverage You Get","https://getroofsmart.com/blog/rcv-vs-acv-claims-for-roof-damage",30,4.9,5454,6,"https://lintaroofing.com/blog/acv-vs-rcv-insurance-for-roof"
"What Are the Common Hidden Costs in a Roof Estimate?","https://getroofsmart.com/blog/what-are-common-hidden-costs-in-roof-estimate",30,4.7,5454,6,"https://lintaroofing.com/blog/roof-replacement-hidden-costs"
"How Should Ethical Roofers Handle Cost Increases After the Initial Estimate?","https://getroofsmart.com/blog/how-should-ethical-roofers-handle-cost-increases-after-initial-estimate",30,5,5454,0,"https://lintaroofing.com/blog/roofing-scams-myrtle-beach"
"What Mistakes Do Homeowners Make When Filing an Insurance Claim for Their Roof?","https://getroofsmart.com/blog/mistakes-homeowners-make-filing-insurance-claim-roof",30,4.9,5454,0,"https://lintaroofing.com/blog/avoid-common-insurance-mistakes"
"White Shingle Roof Pros & Cons for Florida Homes - PITCH Roofing","https://pitchroofing.com/roofing/white-shingle-roof/",28,4.5,18506,22,"https://lintaroofing.com/blog/roofing-shingle-light-colored"
"Preparing Your Roof For A Home Appraisal Or Real Estate Sale In Florida","https://steadfastroofingfl.com/blog/preparing-your-roof-for-a-home-appraisal-or-real-estate-sale-in-florida/",27,6,1399,0,"https://lintaroofing.com/blog/how-roof-age-affects-performance-home-value"
"Linta Roofing – Spring Home Show","https://springshow.hghba.com/exhibitors/linta-roofing/",27,0,98,0,"https://lintaroofing.com/"
"What to Do if a Tree Damages Your Roof - Cats Luv Us Boarding Hotel & Grooming","https://catsluvus.com/cat-boarding-hotel/what-to-do-if-a-tree-damages-your-roof/",25,4.5,153,0,"https://lintaroofing.com/blog/tree-damage-on-roof/"
"In The Age Of Digital Transformation, Drive Your Website’s Success With Intelligent, Results-Oriented Content Marketing Strategies That Leverage The Latest Technologies To Accelerate Growth And Enhance Audience Engagement","https://webs.businessvocal.com/13/rlavPSlnpj",23,0,0,0,"https://lintaroofing.com/"
"Linta Roofing | A-1 Roffing Now","https://a-1roofingnow.com/directory/linta-roofing/",21,0,0,0,"https://lintaroofing.com/"
"Can You Repair Just A Section Of A Roof? When It Makes Sense","https://roofingexpertsstpaul.com/repair-one-roof-section/",21,0,1,0,"https://lintaroofing.com/blog/roof-repair-or-replacement"
"Where to buy 🚀 aged domains and backlinks 🔥 from faithwebsites | 2738-7503","https://faithwebsites.net/a273f8cfe7d503c83bfb22dc7f0a9436-domais.html",20,0,0,0,"https://lintaroofing.com/"
"Linta Roofing - Contractors Junction","https://contractorsjunction.com/south-carolina-roofing-contractors/linta-roofing/",20,0,0,0,"https://lintaroofing.com/"
"Where to buy 🚀 aged domains and backlinks 🔥 | 8117-3713","https://www.getwebsiteworth.com/a81d1f7c3713d869f81c1f1bc8fc19bc-l/",19,0,0,0,"https://lintaroofing.com/"
"Linta Roofing Inc | Little River, SC","https://roofers.com/linta-roofing-inc/",18,0,101,0,"https://www.lintaroofing.com/"
"Is Your Roof Fully Covered? What SC Homeowners Need to Know About ACV vs. RCV","https://www.gspins.com/is-your-roof-fully-covered-sc-homeowners-acv-vs-rcv/",17,4.5,306,0,"https://lintaroofing.com/blog/7-things-to-know-before-you-make-an-insurance-claim-on-your-roof-the-grand-strand"
"Linta Roofing - YpLocal","https://yplocal.us/business/linta-roofing/",17,0,3,0,"https://lintaroofing.com/"
"Complete SEO package with PBN backlinks and dofollow backlinks and guest posts — manual work — google friendly fast ranking — Gambling included — Rankva.com 24/7 Support – Gambling included— Rankva.com 24/7 Support – White-Hat SEO Links—Fast Rankings — Google-Friendly","https://rankpilot.shop/nscfanz-ready-to-rank-fast-choose-your-plan-manual-work-google-friendly/",15,0,0,0,"https://lintaroofing.com/"
"Where to buy 🚀 aged domains and backlinks 🔥 | 8117-3713","https://alljobs.info/a81d1f7c3713d869f81c1f1bc8fc19bc-l/",15,0,0,0,"https://lintaroofing.com/"
"BEST WHITE/DARK HAT LINKBUILDING FOR YOUR WEBSITE! NO PREPAYMENTS! 100% TRUSTWORTHY! – Jazmin' s Beautysalon","http://www.jazminsbeautysalon.be/best-white-dark-hat-linkbuilding-for-your-website-434/",13,0,6,0,"https://lintaroofing.com/"
"Roofing directory ( US > Home and garden > Roofing ) - page 47","https://www.linkcenter.com/us/home-and-garden/roofing/47.php",13,0,7,0,"https://lintaroofing.com/"
"What Not to Say to an Insurance Adjuster: Protect Your Claim","https://unanswered.io/guide/what-not-to-say-to-an-insurance-adjuster",11,0,67,0,"https://lintaroofing.com/blog/avoid-common-insurance-mistakes"
"Roofing Business Failure Rates, Profits & Owner Earnings 2026","https://unanswered.io/guide/roofing-business-success-failure-rates-profits-owner-earnings",11,0,67,0,"https://lintaroofing.com/blog/roofer-years-in-business"
"Why Shingles Curl and Cup and How to Protect Your Roof","https://masterroofcontracting.com/why-shingles-curl-and-cup-and-how-to-protect-your-roof/",10,0,33,0,"https://lintaroofing.com/blog/do-30-year-shingles-last-30-years"
"A Guide to the Best Commercial Roof Replacement Services","https://skylightroofing.com/best-commercial-roof-replacement/",10,0,951,0,"https://lintaroofing.com/blog/do-roofing-contractor-certifications-matter"
"Roof Maintenance Strategies To Avoid Future Insurance Claims","https://indytrojanroofing.com/roof-maintenance-strategies-to-avoid-future-insurance-claims/",10,0,14,0,"https://lintaroofing.com/blog/the-crucial-role-of-regular-roof-maintenance-in-preventing-damage-and-insurance-claims"
"QuarterLinks- Dofollow Article Links just for 25 cents.","https://gaister.com/quarterlinks-dofollow-article-links-just-for-25-3281/",9,0,2,0,"https://lintaroofing.com/"
"Pricing - Rival Roofing | Residential Roofing Experts in St. Cloud Minnesota","https://rivalroofs.com/pricing/",9,0,20,0,"https://lintaroofing.com/instant-estimate/"
"Where to buy 🚀 aged domains and backlinks 🔥 from booksreadr.org| 0345-1957","https://booksreadr.org/page-03ed451f957255ae81509beacb966241.html",8,0,0,0,"https://lintaroofing.com/"
"Ranking Fast on Google and All Search Engines in 3 Weeks — Monthly SEO, High DA/DR/TF, PBN Support, Guest Posts — All Niches Allowed (Gambling Included) 24/7 Support — Visit SkylinkSEO.com – Manual Premium Links, Fast Results","https://backlinker.shop/kqcehzy-contact-to-us-and-get-offer-details-for-seo-ranking-fast/",8,0,0,0,"https://lintaroofing.com/"
"QuarterLinks- Dofollow Article Links just for 25 cents. – SIS GROUP","https://sisgroup.lk/quarterlinks-dofollow-article-links-just-for-25-3281/",8,0,101,0,"https://lintaroofing.com/"
"Trusted Roofers in Little River, SC | Local Roofing Contractors","https://www.findtrustedroofers.com/sc/little-river/",7,0,34,0,"https://lintaroofing.com/%3Futm_campaign%3Dgmb"
"Where to buy 🚀 aged domains and backlinks 🔥 from FLDH | 6704-8157","https://fldh.info/67aaba0481c575cc7a396fff421ed2d9-domains.html",6,0,0,0,"https://lintaroofing.com/"
"Self-Service Tools | IMPACT","http://spanoirstudio.com/self-service-tools-2.html",6,0,0,0,"https://lintaroofing.com/instant-estimate/"
"What is The Big 5™? (The 5 Content Topics That Grow Your Business)","http://spanoirstudio.com/the-big-5-content-topics-for-business.html",6,0,0,0,"https://lintaroofing.com/blog/best-roofers-myrtle-beach"
"How Transparency Helped This Roofing Company Triple Its Growth","http://www.spanoirstudio.com/transparency-helped-roofing-company-triple-growth.html",6,0,0,0,"https://lintaroofing.com/"
"How to Write An Effective Cost Article for Your Business","http://spanoirstudio.com/how-to-write-a-cost-article.html",6,0,0,0,"https://lintaroofing.com/blog/metal-roof-cost-worth-it"
"Endless Customers Case Study with Linta Roofing | IMPACT","http://www.spanoirstudio.com/lintaroofing.html",6,0,0,0,"https://lintaroofing.com/"
"Green Sea Roof Replacement Cost (South Carolina) | Get an AI-Powered Estimate | RoofHero","https://www.roofhero.com/locations/sc/green-sea",6,0,2705,0,"https://lintaroofing.com/"
"Identifying Vulnerable Areas on Your Roof for Better Protection","https://www.indianametalroofingsystems.com/post/identifying-vulnerable-areas-on-your-roof-for-better-protection",4.7,0,73,0,"https://lintaroofing.com/blog/common-areas-roof-leak"
"Where to buy 🚀 aged domains and backlinks 🔥 from all-aged-domains | 0345-1957","https://globalecommerce.org/page-03ed451f957255ae81509beacb966241.html",4.7,0,0,0,"https://lintaroofing.com/"
"Where to buy 🚀 aged domains and backlinks 🔥 from www.egyptiandirectory.com | 0345-1957","https://www.egyptiandirectory.com/page-03ed451f957255ae81509beacb966241.html",4.6,0,0,0,"https://lintaroofing.com/"
"Why Replace Your Shingles in 2025? | Wiebes Roofing | Shingle Repalcement Regina | Roofing Contractor Regina | Roofing Company Regina","https://wiebesroofing.ca/blog/why-replace-your-shingles-in-2025",4.3,0,106,0,"https://lintaroofing.com/blog/roof-shingle-price-increases"
"3951 – Resonance Research Lab","https://resonancelabjo.com/?p=96742",4.1,0,0,0,"https://lintaroofing.com/"
"QuarterLinks- Dofollow Article Links just for 25 cents. – Production Function","https://productionfunctionusa.com/quarterlinks-dofollow-article-links-just-for-25-3281/",3.9,0,0,0,"https://lintaroofing.com/"
"🛸 Dark Side Links - Dark/White Hat Link Building Services - Jomtien Realty","https://jomtien-realty.com/dark-side-links-dark-white-hat-link-building-1001/",3.5,0,3,0,"https://lintaroofing.com/"
"Wind Damage on California Roofs: Signs and Solutions - Roof Master Construction","https://roofmasterconstruction.com/roofing-repairs/wind-damage-california-roofs-signs-solutions/",3.4,4.5,0,0,"https://lintaroofing.com/hubfs/Imported_Blog_Media/Wind-damaged-roof-article.jpg"
"Where to buy 🚀 aged domains and backlinks 🔥 from all-aged-domains | 0345-1957","https://www.musweb.org/page-03ed451f957255ae81509beacb966241.html",3.4,0,0,0,"https://lintaroofing.com/"
"Tile vs Shingle Roof – Which Roofing Option Is Right for Your Home? - buildingdemolitioncontractorsinhyderabad.com","https://buildingdemolitioncontractorsinhyderabad.com/tile-vs-shingle-roof-which-roofing-option-is-right-for-your-home/",2.7,0,0,0,"https://lintaroofing.com/blog/how-long-shingle-roof-lasts"
"Businesses in South Carolina - CityLocal Directory","https://citylocal.directory/search?state=SC",2.3,4.5,0,0,"https://lintaroofing.com/"
"Where to buy 🚀 aged domains and backlinks 🔥 from www.domainsc.com | 0345-1957","https://www.domainsc.com/page-03ed451f957255ae81509beacb966241.html",2.2,0,0,0,"https://lintaroofing.com/"
"Where to buy 🚀 aged domains and backlinks 🔥 from www.allwebsitesdirectory.com | 0345-1957","https://www.allwebsitesdirectory.com/page-03ed451f957255ae81509beacb966241.html",1.9,0,0,0,"https://lintaroofing.com/"
"How to Maintain a Metal Roof A West Texas Guide","https://zevgroup76.com/how-to-maintain-a-metal-roof/",1.8,0,0,0,"https://lintaroofing.com/blog/metal-roof-maintenance-tips"
"🛸 Dark Side Links - Dark/White Hat Link Building Services - Prothor","https://prothor-ing.com/bez-rubriki/dark-side-links-dark-white-hat-link-building-1001/",1.8,0,0,0,"https://lintaroofing.com/"
"Where to buy 🚀 aged domains and backlinks 🔥 from indians.cc | 0345-1957","https://indians.cc/page-03ed451f957255ae81509beacb966241.html",1.7,0,0,0,"https://lintaroofing.com/"
"🛸 Dark Side Links – Dark/White Hat Link Building Services – Revan","https://revan-me.com/bez-rubriki/dark-side-links-dark-white-hat-link-building-1001/",1.5,0,0,0,"https://lintaroofing.com/"
"How Much Does a Roof Inspection Cost? Explore Pricing","https://roofersguide.us/roof-maintenance/how-much-does-a-roof-inspection-cost-explore-pricing/",1.3,0,0,0,"https://lintaroofing.com/blog/roof-replacement-hidden-costs"
"When Do I Need an Itemized Roofing Estimate? - CRF","https://crfroofingin.com/when-do-i-need-an-itemized-roofing-estimate/",1,0,0,0,"https://lintaroofing.com/blog/roof-replacement-hidden-costs"
"Businesses in South Carolina - CityLocal Exchange","https://citylocal.exchange/search?state=SC",0.6,4.5,0,0,"https://lintaroofing.com/"
"Businesses in South Carolina - webKnow","https://webknow.com/search?state=SC",0.6,4.4,0,0,"https://lintaroofing.com/"
"30 Year Shingle Lifespan: What You Need to Know","https://roofingcontractorsmurrieta.com/30-year-shingle-lifespan-what-you-need-to-know/",0.6,0,0,0,"https://lintaroofing.com/blog/do-30-year-shingles-last-30-years"
"Businesses in South Carolina - LocalCity Expert","https://localcity.expert/search?state=SC",0.5,4.6,0,0,"https://lintaroofing.com/"
"Businesses in South Carolina - LocalCity Sale","https://localcity.sale/search?state=SC",0.5,4.5,0,0,"https://lintaroofing.com/"
"Businesses in South Carolina - LocalCity Market","https://localcity.market/search?state=SC",0.5,4.5,0,0,"https://lintaroofing.com/"
"Businesses in South Carolina - LocalStores Directory","https://localstores.directory/search?state=SC",0.5,4.5,0,0,"https://lintaroofing.com/"
"Businesses in South Carolina - LocalCity Exchange","https://localcity.exchange/search?state=SC",0.5,4.5,0,0,"https://lintaroofing.com/"
"Businesses in South Carolina - CityLocal Expert","https://citylocal.expert/search?state=SC",0.5,4.5,0,0,"https://lintaroofing.com/"
"Businesses in South Carolina - LocalCity Services","https://localcity.services/search?state=SC",0.5,4.5,0,0,"https://lintaroofing.com/"
"Businesses in South Carolina - CityLocal Services","https://citylocal.services/search?state=SC",0.5,4.5,0,0,"https://lintaroofing.com/"
"Businesses in South Carolina - LocalCity Directory","https://localcity.directory/search?state=SC",0.5,4.5,0,0,"https://lintaroofing.com/"
"Businesses in South Carolina - CityLocal Business","https://citylocal.business/search?state=SC",0.5,4.5,0,0,"https://lintaroofing.com/"
"Businesses in South Carolina - CityLocal Market","https://citylocal.market/search?state=SC",0.5,4.5,0,0,"https://lintaroofing.com/"
"Linta Roofing - Restoration 411","https://restoration411.com/listing/linta-roofing/",0.4,0,1,0,"https://lintaroofing.com/"
"","https://topratedlocalroofersnj.com/",0,6,0,0,"https://lintaroofing.com/blog/roof-shingle-price-increases"
"Little River Local Contractors | HeatherGlenDirectory","https://www.heatherglendirectory.com/local-contractors",0,4.7,22,0,"https://lintaroofing.com/"
"Self-Service Tools | IMPACT","http://marketmastabc.com/self-service-tools.html",0,4.5,0,0,"https://lintaroofing.com/instant-estimate/"
"""%t | Contractor Software | Booked Solid Copy""","https://www.bookedsolidcopy.com/the-automation-journal/what-roofing-contractors-actually-complain-about-and-why-it-keeps-happening",0,0,0,0,"https://lintaroofing.com/blog/roofing-companies-bad-reputation-1099-sales"
"Asphalt Shingle Roofing | Stay Dry Roofing Mission Viejo","https://missionviejoroofing.net/services/asphalt-shingle-roofing-mission-viejo/",0,0,1,0,"https://lintaroofing.com/blog/comparing-shingles-architectural-designer-3-tab"
"GAF Liberty SBS Self-Adhering Roofing Installation Guide and Key Features for Low-Slope Roofs | TechMarmot","https://techmarmot.com/post/2773/gaf-liberty-sbs-self-adhering-roofing-installation-guide-and-key-features-for-low-slope-roofs/",0,0,0,0,"https://lintaroofing.com/blog/gaf-liberty-sbs-roof-installation"
"GAF Liberty Cap Sheet Installation Guide for Low-Slope Roofs | TechMarmot","https://techmarmot.com/post/2771/gaf-liberty-cap-sheet-installation-guide-for-low-slope-roofs/",0,0,0,0,"https://lintaroofing.com/blog/gaf-liberty-sbs-roof-installation"
"Self-Service Tools | IMPACT","http://piertopierrentals.com/self-service-tools.html",0,0,0,0,"https://lintaroofing.com/instant-estimate/"
"Myrtle Beach's Best Roofer [Updated 2026]","https://seesouthcarolina.org/best-roofer-in-myrtle-beach",0,0,0,0,"https://lintaroofing.com/"
"Checkmate: My $12,000 Mistake and the Chess Strategy That Wins Roof Insurance Claims","https://aeternapillar.com/what-not-to-say-to-a-roof-adjuster/",0,0,0,0,"https://lintaroofing.com/blog/avoid-common-insurance-mistakes"
"GAF Liberty SBS Two-Ply Roof Installation: A Technical Guide for Homeowners and Contractors | TechMarmot","https://techmarmot.com/post/2770/gaf-liberty-sbs-two-ply-roof-installation-a-technical-guide-for-homeowners-and-contractors/",0,0,0,0,"https://lintaroofing.com/blog/gaf-liberty-sbs-roof-installation"
